City_ID,City,Country,Date,Lat,Lng,Max Temp,Humidity,Cloudiness,Wind Speed
0,Cape Coral,US,2022-10-30 23:26:34,26.5629,-81.9495,84.0,61,0,6.91
1,Hobart,AU,2022-10-30 23:21:45,-42.8794,147.3294,67.86,64,20,24.16
2,Nanortalik,GL,2022-10-30 23:26:34,60.1432,-45.2371,25.5,69,99,8.97
3,Tamworth,GB,2022-10-30 23:25:25,52.634,-1.6959,54.52,91,77,7.0
4,Whitehaven,GB,2022-10-30 23:26:35,54.549,-3.5841,54.66,100,21,14.0
5,Athabasca,CA,2022-10-30 23:26:35,54.7169,-113.2854,48.61,35,49,17.52
6,Lebu,CL,2022-10-30 23:26:36,-37.6167,-73.65,50.94,74,0,23.78
7,Saskylakh,RU,2022-10-30 23:26:36,71.9167,114.0833,4.37,97,98,5.06
8,Arraial Do Cabo,BR,2022-10-30 23:26:37,-22.9661,-42.0278,74.59,90,41,27.85
9,Lata,PT,2022-10-30 23:26:37,40.1629,-8.3327,63.81,76,100,3.85
10,Pouebo,NC,2022-10-30 23:26:37,-20.4,164.5667,81.77,59,0,1.57
11,San Patricio,US,2022-10-30 23:26:38,28.017,-97.5169,78.89,38,48,2.15
12,Balikpapan,ID,2022-10-30 23:26:38,-1.2675,116.8289,79.79,94,20,4.61
13,Vengerovo,RU,2022-10-30 23:26:39,55.6848,76.7471,22.93,87,74,7.16
14,Pointe Michel,DM,2022-10-30 23:26:39,15.25,-61.3833,75.49,78,98,5.1
15,Kapaa,US,2022-10-30 23:26:40,22.0752,-159.319,85.98,73,40,14.97
16,Niamey,NE,2022-10-30 23:25:12,13.5137,2.1098,80.89,26,0,2.3
17,Shaunavon,CA,2022-10-30 23:26:41,49.6501,-108.4181,51.58,44,3,16.42
18,Zhuhai,CN,2022-10-30 23:26:41,22.2769,113.5678,73.18,64,20,24.16
19,Cabo San Lucas,MX,2022-10-30 23:23:19,22.8909,-109.9124,84.61,57,20,12.66
20,Albany,US,2022-10-30 23:24:20,42.6001,-73.9662,54.01,44,99,2.89
21,Punta Arenas,CL,2022-10-30 23:26:42,-53.15,-70.9167,44.71,65,0,19.57
22,Nikolskoye,RU,2022-10-30 23:26:42,59.7035,30.7861,37.29,61,2,14.27
23,Cockburn Town,TC,2022-10-30 23:26:43,21.4612,-71.1419,82.13,76,2,17.9
24,Norman Wells,CA,2022-10-30 23:26:43,65.282,-126.8329,15.84,86,100,5.75
25,Virginia Beach,US,2022-10-30 23:24:15,36.8529,-75.978,61.02,93,75,5.75
26,Cape Town,ZA,2022-10-30 23:22:11,-33.9258,18.4232,59.27,60,0,21.85
27,Ushuaia,AR,2022-10-30 23:26:44,-54.8,-68.3,40.66,81,40,36.82
28,Yellowknife,CA,2022-10-30 23:26:44,62.456,-114.3525,23.56,86,100,11.5
29,Vaini,TO,2022-10-30 23:26:45,-21.2,-175.2,80.76,83,100,9.22
30,Lompoc,US,2022-10-30 23:26:45,34.6391,-120.4579,81.84,85,0,14.97
31,Smithers,CA,2022-10-30 23:26:45,54.7804,-127.1743,44.92,39,20,10.36
32,Alakurtti,RU,2022-10-30 23:26:46,66.9672,30.3491,28.38,87,25,6.91
33,Tuktoyaktuk,CA,2022-10-30 23:26:46,69.4541,-133.0374,14.0,79,75,14.97
34,Kununurra,AU,2022-10-30 23:26:09,-15.7667,128.7333,85.98,70,46,4.61
35,Walvis Bay,NA,2022-10-30 23:26:47,-22.9575,14.5053,61.75,82,93,6.91
36,Tura,IN,2022-10-30 23:26:47,25.5198,90.2201,66.04,90,0,3.69
37,Kavieng,PG,2022-10-30 23:26:48,-2.5744,150.7967,84.49,65,30,8.19
38,Severomuysk,RU,2022-10-30 23:26:48,56.1481,113.4267,7.07,95,100,5.68
39,Nelson Bay,AU,2022-10-30 23:26:48,-32.7167,152.15,75.09,67,66,5.99
40,Victoria,HK,2022-10-30 23:26:49,22.2855,114.1577,76.24,63,99,18.99
41,Lorengau,PG,2022-10-30 23:26:49,-2.0226,147.2712,84.87,64,86,7.7
42,Pskov,RU,2022-10-30 23:26:50,57.8136,28.3496,37.31,81,0,8.95
43,Mataura,NZ,2022-10-30 23:26:50,-46.1927,168.8643,65.48,44,14,2.24
44,Rikitea,PF,2022-10-30 23:26:51,-23.1203,-134.9692,72.19,78,100,9.06
45,San Cristobal,VE,2022-10-30 23:26:05,7.7669,-72.225,71.78,92,98,0.6
46,Margate,GB,2022-10-30 23:26:51,51.3813,1.3862,60.91,91,52,3.0
47,Humaita,BR,2022-10-30 23:27:52,-7.5061,-63.0208,79.61,71,73,2.55
48,Manokwari,ID,2022-10-30 23:27:52,-0.8667,134.0833,83.32,70,78,8.37
49,Lensk,RU,2022-10-30 23:27:52,60.7253,114.9278,22.86,82,100,5.01
50,Port Hedland,AU,2022-10-30 23:27:53,-20.3167,118.5667,73.45,14,0,24.16
51,Hermanus,ZA,2022-10-30 23:27:53,-34.4187,19.2345,55.8,56,100,13.76
52,Kodiak,US,2022-10-30 23:27:53,57.79,-152.4072,31.51,47,100,23.02
53,Upata,VE,2022-10-30 23:27:54,8.0086,-62.3989,72.48,97,99,3.24
54,Bantry,IE,2022-10-30 23:27:26,51.6833,-9.45,58.78,92,95,20.18
55,New Norfolk,AU,2022-10-30 23:27:54,-42.7826,147.0587,67.5,60,97,5.01
56,Busselton,AU,2022-10-30 23:27:55,-33.65,115.3333,55.58,64,83,10.4
57,Acarau,BR,2022-10-30 23:27:55,-2.8856,-40.12,79.25,70,4,15.88
58,Saint-Philippe,RE,2022-10-30 23:27:56,-21.3585,55.7679,69.39,84,48,11.01
59,Jieshi,CN,2022-10-30 23:27:56,22.8134,115.8257,72.72,58,100,14.25
60,San Jose,US,2022-10-30 23:25:40,37.3394,-121.895,78.93,51,20,11.5
61,Zhigansk,RU,2022-10-30 23:27:57,66.7697,123.3711,8.35,97,100,8.52
62,Komsomolskiy,UZ,2022-10-30 23:27:57,40.4272,71.7189,52.52,87,75,2.3
63,Anton Lizardo,MX,2022-10-30 23:27:58,19.05,-95.9833,80.82,84,39,11.65
64,Takhtamygda,RU,2022-10-30 23:27:58,54.1,123.5667,26.22,96,99,4.97
65,Bredasdorp,ZA,2022-10-30 23:27:58,-34.5322,20.0403,58.17,53,100,7.65
66,Talnakh,RU,2022-10-30 23:27:59,69.4865,88.3972,22.21,95,100,13.62
67,Bilibino,RU,2022-10-30 23:27:59,68.0546,166.4372,-16.06,100,100,1.9
68,Dongsheng,CN,2022-10-30 23:28:00,39.8161,109.9776,30.85,32,0,5.37
69,Aizkraukle,LV,2022-10-30 23:28:00,56.6048,25.2553,37.38,80,12,4.85
70,Baykit,RU,2022-10-30 23:28:01,61.67,96.37,21.76,86,100,3.69
71,Jaque,PA,2022-10-30 23:28:01,7.5175,-78.1703,77.99,84,40,3.44
72,San Quintin,MX,2022-10-30 23:28:01,30.4833,-115.95,69.93,65,58,9.01
73,Bluff,NZ,2022-10-30 23:28:02,-46.6,168.3333,65.8,63,6,1.57
74,Jamestown,US,2022-10-30 23:26:40,42.097,-79.2353,56.84,53,0,3.44
75,Hilo,US,2022-10-30 23:28:02,19.7297,-155.09,85.24,75,40,9.22
76,Saint-Francois,FR,2022-10-30 23:28:03,46.4154,3.9054,51.24,93,0,2.3
77,Geraldton,AU,2022-10-30 23:28:03,-28.7667,114.6,54.01,76,49,9.22
78,Parvatipuram,IN,2022-10-30 23:28:04,18.7833,83.4333,66.13,68,87,4.07
79,Longyearbyen,SJ,2022-10-30 23:28:04,78.2186,15.6401,28.24,80,75,2.3
80,Qeshm,IR,2022-10-30 23:28:04,26.9581,56.2719,76.87,76,0,7.05
81,Qaanaaq,GL,2022-10-30 23:28:05,77.484,-69.3632,-6.47,76,10,7.7
82,Yatou,CN,2022-10-30 23:28:05,37.15,122.3833,54.05,83,82,3.51
83,Creel,MX,2022-10-30 23:28:06,27.75,-107.6333,57.42,34,74,13.27
84,Antofagasta,CL,2022-10-30 23:28:06,-23.65,-70.4,60.08,71,1,2.75
85,Omboue,GA,2022-10-30 23:28:06,-1.5746,9.2618,75.67,91,100,4.92
86,Xiangfan,CN,2022-10-30 23:28:07,32.0422,112.1448,57.4,72,0,4.68
87,Varkkallai,IN,2022-10-30 23:28:07,8.7341,76.7067,80.38,92,97,2.89
88,Yulara,AU,2022-10-30 23:28:08,-25.2406,130.9889,61.38,47,5,20.65
89,Chicama,PE,2022-10-30 23:28:08,-7.8447,-79.1469,59.54,79,37,7.7
90,Ahipara,NZ,2022-10-30 23:28:08,-35.1667,173.1667,68.85,72,78,5.84
91,Butaritari,KI,2022-10-30 23:28:09,3.0707,172.7902,79.3,71,82,8.37
92,Upernavik,GL,2022-10-30 23:28:09,72.7868,-56.1549,15.03,66,1,14.14
93,Filadelfia,US,2022-10-30 23:25:26,39.9523,-75.1638,58.05,73,75,0.0
94,Mount Gambier,AU,2022-10-30 23:28:10,-37.8333,140.7667,52.07,92,100,9.26
95,Cabedelo,BR,2022-10-30 23:25:55,-6.9811,-34.8339,77.67,74,82,11.95
96,Santiago,CL,2022-10-30 23:25:13,-33.4569,-70.6483,65.25,35,75,14.97
97,Portland,US,2022-10-30 23:25:05,45.5234,-122.6762,58.95,81,100,8.05
98,Rawson,AR,2022-10-30 23:25:43,-43.3002,-65.1023,49.51,45,5,10.51
99,Severo-Kurilsk,RU,2022-10-30 23:29:11,50.6789,156.125,38.7,65,13,19.22
100,Djibo,BF,2022-10-30 23:29:12,14.1022,-1.6306,81.18,16,23,8.61
101,Sakakah,SA,2022-10-30 23:29:02,29.9697,40.2064,72.97,32,34,5.75
102,Agua Verde,MX,2022-10-30 23:29:12,22.9,-106.05,82.49,62,0,7.85
103,Iqaluit,CA,2022-10-30 23:29:13,63.7506,-68.5145,29.93,93,100,9.22
104,Wad Madani,SD,2022-10-30 23:29:13,14.4012,33.5199,87.22,28,96,13.09
105,Mahebourg,MU,2022-10-30 23:29:14,-20.4081,57.7,72.25,83,40,12.66
106,Palmer,US,2022-10-30 23:29:14,42.1584,-72.3287,52.97,60,75,0.0
107,Medicine Hat,CA,2022-10-30 23:29:15,50.0501,-110.6683,55.83,48,75,18.41
108,Hailar,CN,2022-10-30 23:29:15,49.2,119.7,31.96,95,100,12.17
109,Vicuna,CL,2022-10-30 23:29:15,-30.0319,-70.7081,68.77,59,0,3.83
110,Hithadhoo,MV,2022-10-30 23:29:16,-0.6,73.0833,80.28,80,98,15.43
111,Salvacion,PH,2022-10-30 23:29:17,7.9833,126.1333,78.37,89,100,1.34
112,Vilyuysk,RU,2022-10-30 23:29:17,63.7553,121.6247,12.11,98,100,1.12
113,Bezerros,BR,2022-10-30 23:29:18,-8.2333,-35.7969,68.25,90,21,7.05
114,Cascais,PT,2022-10-30 23:29:18,38.6979,-9.4215,67.51,92,100,5.01
115,Tete,MZ,2022-10-30 23:29:18,-16.1564,33.5867,81.32,52,0,3.98
116,Port Blair,IN,2022-10-30 23:29:19,11.6667,92.75,79.66,80,57,6.49
117,Glinka,RU,2022-10-30 23:29:19,54.6404,32.8781,32.9,66,54,12.97
118,Samarai,PG,2022-10-30 23:29:21,-10.6167,150.6667,83.44,70,10,11.36
119,Lavrentiya,RU,2022-10-30 23:29:21,65.5833,-171.0,16.68,68,100,11.1
120,Kampot,KH,2022-10-30 23:29:22,10.6167,104.1833,73.45,83,93,2.75
121,Guerrero Negro,MX,2022-10-30 23:29:22,27.9769,-114.0611,71.92,60,4,11.45
122,Zeya,RU,2022-10-30 23:29:23,53.75,127.2667,29.55,97,100,6.31
123,Kashiwazaki,JP,2022-10-30 23:29:23,37.3667,138.55,58.87,69,23,4.59
124,Nhulunbuy,AU,2022-10-30 23:25:18,-12.2333,136.7667,88.41,58,0,8.05
125,Flinders,AU,2022-10-30 23:29:24,-34.5833,150.8552,80.06,66,22,5.99
126,Puerto Ayora,EC,2022-10-30 23:29:24,-0.7393,-90.3518,65.55,96,98,5.01
127,Bambous Virieux,MU,2022-10-30 23:29:25,-20.3428,57.7575,72.21,83,40,12.66
128,Ayia Galini,GR,2022-10-30 23:29:25,35.1,24.6833,60.39,74,40,6.51
129,Medford,US,2022-10-30 23:26:31,42.3265,-122.8756,68.77,53,0,3.44
130,Umarkot,PK,2022-10-30 23:29:26,25.3616,69.7362,76.35,44,0,6.26
131,Vostok,RU,2022-10-30 23:29:26,46.4856,135.8833,33.26,55,57,3.02
132,Moron,AR,2022-10-30 23:29:27,-34.6534,-58.6198,56.05,64,85,10.42
133,Margherita,IN,2022-10-30 23:29:27,27.2833,95.6833,62.33,77,0,2.15
134,Avarua,CK,2022-10-30 23:29:28,-21.2078,-159.775,73.45,94,75,21.85
135,Moose Factory,CA,2022-10-30 23:29:28,51.2585,-80.6094,50.0,57,0,9.22
136,Carnarvon,AU,2022-10-30 23:29:28,-24.8667,113.6333,60.48,58,0,25.05
137,Sao Filipe,CV,2022-10-30 23:29:29,14.8961,-24.4956,79.54,75,76,10.49
138,Palana,RU,2022-10-30 23:29:29,59.1167,159.9667,25.39,94,100,3.98
139,Santa Isabel Do Rio Negro,BR,2022-10-30 23:29:30,-0.4139,-65.0192,81.41,74,97,0.92
140,Omsukchan,RU,2022-10-30 23:30:30,62.5333,155.8,-4.97,96,62,4.32
141,Darab,IR,2022-10-30 23:30:31,28.7519,54.5444,67.64,22,78,2.86
142,Alofi,NU,2022-10-30 23:30:31,-19.0595,-169.9187,82.29,74,25,14.97
143,Pindwara,IN,2022-10-30 23:30:32,24.8,73.0667,68.22,30,0,3.8
144,Kruisfontein,ZA,2022-10-30 23:30:32,-34.0033,24.7314,57.88,71,100,11.3
145,Bethel,US,2022-10-30 23:30:33,41.3712,-73.414,53.64,54,0,0.0
146,Hastings,GB,2022-10-30 23:30:33,50.8552,0.5729,61.29,87,66,13.24
147,Torbay,CA,2022-10-30 23:31:49,47.6666,-52.7314,50.58,88,40,23.02
148,Bathsheba,BB,2022-10-30 23:31:50,13.2167,-59.5167,83.01,78,75,14.97
149,Cidreira,BR,2022-10-30 23:31:50,-30.1811,-50.2056,70.3,94,100,4.81
150,Port Hardy,CA,2022-10-30 23:31:50,50.6996,-127.4199,48.38,87,75,6.91
151,Thompson,CA,2022-10-30 23:31:51,55.7435,-97.8558,41.16,56,75,8.05
152,Basco,PH,2022-10-30 23:31:51,20.4487,121.9702,81.84,85,100,31.68
153,Port Alfred,ZA,2022-10-30 23:31:52,-33.5906,26.891,57.18,95,100,1.99
154,Ribeira Grande,PT,2022-10-30 23:31:52,38.5167,-28.7,60.78,61,89,5.01
155,Alice Springs,AU,2022-10-30 23:28:07,-23.7,133.8833,80.15,34,40,17.27
156,Okha,RU,2022-10-30 23:31:53,53.5739,142.9478,36.36,71,59,10.85
157,Kavaratti,IN,2022-10-30 23:31:53,10.5669,72.642,81.43,70,70,1.12
158,Aksu,CN,2022-10-30 23:31:54,41.1231,80.2644,45.81,41,91,2.44
159,Ilulissat,GL,2022-10-30 23:31:54,69.2167,-51.1,19.42,86,62,2.3
160,Inuvik,CA,2022-10-30 23:31:54,68.3499,-133.7218,7.56,72,20,8.05
161,Tasiilaq,GL,2022-10-30 23:31:55,65.6145,-37.6368,35.76,96,100,23.26
162,Ancud,CL,2022-10-30 23:31:56,-41.8697,-73.8203,46.02,75,44,4.16
163,Provideniya,RU,2022-10-30 23:31:56,64.3833,-173.3,19.51,49,0,7.0
164,Port Elizabeth,ZA,2022-10-30 23:31:56,-33.918,25.5701,60.1,88,75,6.91
165,Souillac,MU,2022-10-30 23:31:57,-20.5167,57.5167,71.98,83,40,12.66
166,Heihe,CN,2022-10-30 23:31:57,50.2441,127.4902,34.38,80,100,10.69
167,Chilca,PE,2022-10-30 23:31:58,-12.5211,-76.7372,61.36,85,42,7.56
168,Kenai,US,2022-10-30 23:31:23,60.5544,-151.2583,30.29,71,0,0.0
169,Atuona,PF,2022-10-30 23:31:58,-9.8,-139.0333,77.4,75,5,16.15
170,Bull Savanna,JM,2022-10-30 23:32:00,17.8868,-77.5902,77.67,79,31,3.2
171,Juneau,US,2022-10-30 23:30:30,58.3019,-134.4197,44.22,94,100,13.8
172,Kyakhta,RU,2022-10-30 23:32:00,50.3508,106.4494,16.86,92,46,3.02
173,Havre-Saint-Pierre,CA,2022-10-30 23:32:01,50.2334,-63.5986,42.8,93,0,9.22
174,Nyurba,RU,2022-10-30 23:32:01,63.2842,118.3319,15.01,98,100,2.51
175,Lypova Dolyna,UA,2022-10-30 23:32:01,50.5643,33.7979,47.05,86,100,14.99
176,Bengkulu,ID,2022-10-30 23:32:02,-3.8004,102.2655,75.38,88,96,3.94
177,Nyzhnya Duvanka,UA,2022-10-30 23:32:02,49.5846,38.1743,47.91,83,100,16.64
178,Dunedin,NZ,2022-10-30 23:31:08,-45.8742,170.5036,56.8,82,99,4.0
179,Ayolas,PY,2022-10-30 23:32:04,-27.4,-56.9,68.38,92,85,14.34
180,Sorland,NO,2022-10-30 23:32:04,67.667,12.6934,44.46,72,90,14.07
181,Mar Del Plata,AR,2022-10-30 23:32:04,-38.0023,-57.5575,51.1,68,20,9.22
182,Luderitz,NA,2022-10-30 23:32:05,-26.6481,15.1594,61.14,67,80,17.67
183,Ust-Tarka,RU,2022-10-30 23:33:05,55.5672,75.705,22.71,91,60,5.95
184,Namatanai,PG,2022-10-30 23:33:06,-3.6667,152.4333,86.22,60,76,4.94
185,Kiama,AU,2022-10-30 23:33:06,-34.6833,150.8667,80.26,61,34,8.01
186,Itanhem,BR,2022-10-30 23:33:07,-17.1664,-40.33,74.21,85,63,8.86
187,Byron Bay,AU,2022-10-30 23:31:22,-28.65,153.6167,78.71,61,51,13.65
188,Selty,RU,2022-10-30 23:33:07,57.3132,52.1345,38.52,99,100,3.58
189,Nalut,LY,2022-10-30 23:33:08,30.3333,10.85,61.5,58,0,9.8
190,Srandakan,ID,2022-10-30 23:33:08,-7.9386,110.2506,78.58,75,78,3.02
191,Tautira,PF,2022-10-30 23:33:09,-17.7333,-149.15,78.76,77,40,9.73
192,Berlevag,NO,2022-10-30 23:33:09,70.8578,29.0864,39.2,80,71,11.72
193,Katsuura,JP,2022-10-30 23:33:10,35.1333,140.3,62.1,57,1,10.94
194,Beringovskiy,RU,2022-10-30 23:33:10,63.05,179.3167,17.53,53,6,3.18
195,Aksarka,RU,2022-10-30 23:33:11,66.5606,67.7975,30.07,94,100,14.74
196,Skibbereen,IE,2022-10-30 23:33:11,51.55,-9.2667,59.11,90,96,23.94
197,Kiruna,SE,2022-10-30 23:33:12,67.8557,20.2251,31.12,74,40,3.44
198,Nogliki,RU,2022-10-30 23:33:12,51.8333,143.1667,36.77,57,17,6.58
199,Lalmohan,BD,2022-10-30 23:33:13,22.3384,90.7419,74.73,82,0,7.16
200,Russell,US,2022-10-30 23:30:30,32.3502,-85.1999,67.19,83,100,4.61
201,Roald,NO,2022-10-30 23:33:13,62.5833,6.1333,58.12,93,0,4.61
202,Saint-Pierre,RE,2022-10-30 23:33:14,-21.3393,55.4781,72.91,78,75,3.44
203,Seymchan,RU,2022-10-30 23:33:14,62.8833,152.4333,-7.67,97,36,2.1
204,Touros,BR,2022-10-30 23:33:15,-5.1989,-35.4608,77.13,81,11,13.24
205,Khagaria,IN,2022-10-30 23:33:15,25.5,86.4833,69.21,69,0,3.44
206,Zabid,YE,2022-10-30 23:33:16,14.1951,43.3152,78.78,58,57,5.84
207,Pangody,RU,2022-10-30 23:29:02,65.85,74.4859,22.68,92,55,14.65
208,Mangrol,IN,2022-10-30 23:33:17,21.1167,70.1167,78.13,58,0,4.03
209,Severo-Yeniseyskiy,RU,2022-10-30 23:33:17,60.3725,93.0408,13.91,96,97,3.44
210,Anuradhapura,LK,2022-10-30 23:29:24,8.3565,80.4173,74.66,92,99,3.13
211,Havre De Grace,US,2022-10-30 23:33:18,39.5493,-76.0916,56.53,88,66,3.71
212,Padang,ID,2022-10-30 23:33:18,-0.9492,100.3543,76.3,91,100,3.96
213,Rosario,AR,2022-10-30 23:33:19,-32.9468,-60.6393,61.95,38,0,12.66
214,Port Hawkesbury,CA,2022-10-30 23:33:19,45.6169,-61.3485,51.58,84,0,5.75
215,Pacific Grove,US,2022-10-30 23:33:20,36.6177,-121.9166,69.24,94,100,8.99
216,Namibe,AO,2022-10-30 23:33:20,-15.1961,12.1522,69.73,81,10,3.36
217,Yerbogachen,RU,2022-10-30 23:33:20,61.2767,108.0108,17.35,95,100,4.97
218,Tommot,RU,2022-10-30 23:33:21,58.9564,126.2925,25.12,96,100,1.54
219,Manaure,CO,2022-10-30 23:33:21,11.7751,-72.4445,81.5,72,97,5.97
220,Poum,NC,2022-10-30 23:33:22,-20.2333,164.0167,77.81,74,0,11.23
221,Garden City,US,2022-10-30 23:30:02,42.3256,-83.331,57.2,71,75,5.75
222,Siderno,IT,2022-10-30 23:33:22,38.2779,16.302,61.34,74,0,7.85
223,Severnyy,RU,2022-10-30 23:33:23,50.677,36.5532,48.24,81,0,13.42
224,Vardo,NO,2022-10-30 23:33:23,70.3705,31.1107,37.38,75,75,10.36
225,Grand Gaube,MU,2022-10-30 23:33:24,-20.0064,57.6608,72.37,70,100,7.0
226,Ilo,PE,2022-10-30 23:33:24,-17.6394,-71.3375,61.59,82,1,6.22
227,Fort Nelson,CA,2022-10-30 23:33:25,58.8053,-122.7002,24.39,80,100,6.91
228,Wajid,SO,2022-10-30 23:33:26,3.8093,43.2471,74.35,82,79,12.12
229,Laguna,US,2022-10-30 23:33:01,38.421,-121.4238,79.11,30,0,4.61
230,Mayahi,NE,2022-10-30 23:33:26,13.9553,7.6712,77.27,18,0,10.25
231,Payson,US,2022-10-30 23:34:27,40.0444,-111.7321,57.25,39,0,3.0
232,Alappuzha,IN,2022-10-30 23:30:50,9.49,76.3264,77.0,86,77,4.23
233,Washougal,US,2022-10-30 23:33:09,45.5826,-122.3534,58.62,85,100,4.61
234,Dikson,RU,2022-10-30 23:34:27,73.5069,80.5464,28.8,97,100,23.96
235,Sao Joao Da Barra,BR,2022-10-30 23:34:28,-21.6403,-41.0511,78.89,89,94,25.34
236,Kahului,US,2022-10-30 23:31:38,20.8947,-156.47,84.22,72,40,16.11
237,Trairi,BR,2022-10-30 23:31:28,-3.2778,-39.2689,78.76,75,5,11.01
238,Sringeri,IN,2022-10-30 23:34:28,13.4167,75.25,64.56,91,83,3.69
239,Barrow,US,2022-10-30 23:34:29,71.2906,-156.7887,19.42,86,100,20.71
240,Noumea,NC,2022-10-30 23:34:29,-22.2763,166.4572,84.18,74,13,9.53
241,Tiksi,RU,2022-10-30 23:34:30,71.6872,128.8694,13.3,84,88,11.77
242,Dubai,AE,2022-10-30 23:29:40,25.2582,55.3047,80.53,83,1,4.61
243,Raudeberg,NO,2022-10-30 23:34:30,61.9875,5.1352,54.86,29,100,14.92
244,Jackson,US,2022-10-30 23:30:31,42.4165,-122.8345,68.02,52,0,3.44
245,Darhan,MN,2022-10-30 23:34:31,49.4867,105.9228,23.9,92,100,2.46
246,Tahe,CN,2022-10-30 23:34:31,52.3333,124.7333,30.13,93,99,1.72
247,Kropotkin,RU,2022-10-30 23:34:32,45.4375,40.5756,53.04,86,100,20.56
248,Chuy,UY,2022-10-30 23:34:32,-33.6971,-53.4616,55.35,90,100,18.32
249,La Ronge,CA,2022-10-30 23:34:33,55.1001,-105.2842,52.05,35,75,8.05
250,Tongren,CN,2022-10-30 23:34:33,27.7172,109.1853,58.6,87,11,1.79
251,Belawan,ID,2022-10-30 23:34:33,3.7755,98.6832,75.49,89,100,3.58
252,Airai,TL,2022-10-30 23:34:34,-8.9266,125.4092,69.3,72,99,1.23
253,Bani Walid,LY,2022-10-30 23:34:34,31.7566,13.9942,63.61,82,6,6.04
254,Cherskiy,RU,2022-10-30 23:34:34,68.75,161.3,-1.14,97,100,6.85
255,Tazmalt,DZ,2022-10-30 23:34:35,36.3868,4.3989,68.59,38,100,2.64
256,Ha Giang,VN,2022-10-30 23:34:35,22.8333,104.9833,68.4,88,52,3.98
257,Tucumcari,US,2022-10-30 23:34:36,35.1717,-103.725,62.44,36,0,3.44
258,Oga,IT,2022-10-30 23:34:36,46.4631,10.347,52.03,67,97,2.95
259,Gat,IL,2022-10-30 23:34:36,31.61,34.7642,70.48,100,4,2.62
260,Castro,BR,2022-10-30 23:34:37,-24.7911,-50.0119,69.21,81,100,10.94
261,Zhezkazgan,KZ,2022-10-30 23:34:37,47.8043,67.7144,39.51,75,99,8.05
262,Bria,CF,2022-10-30 23:34:38,6.5423,21.9863,69.98,90,73,3.74
263,Tiznit,MA,2022-10-30 23:34:38,29.5833,-9.5,74.3,14,42,7.25
264,Alta Floresta,BR,2022-10-30 23:34:39,-9.8756,-56.0861,71.74,94,90,1.23
265,Quatre Cocos,MU,2022-10-30 23:34:39,-20.2078,57.7625,72.09,79,100,14.0
266,Basingstoke,GB,2022-10-30 23:34:40,51.2625,-1.0871,55.18,93,20,6.91
267,Georgetown,MY,2022-10-30 23:34:40,5.4112,100.3354,76.98,95,40,2.3
268,Diego De Almagro,CL,2022-10-30 23:34:40,-26.3667,-70.05,62.19,40,0,4.5
269,Black River,JM,2022-10-30 23:34:41,18.0264,-77.8487,79.79,81,32,6.17
270,Sukhodol,RU,2022-10-30 23:34:41,53.9006,51.2117,45.03,95,100,12.95
271,Antalaha,MG,2022-10-30 23:34:41,-14.9003,50.2788,68.88,83,51,6.17
272,Salalah,OM,2022-10-30 23:34:42,17.0151,54.0924,77.09,73,40,4.61
273,Ukiah,US,2022-10-30 23:33:22,39.1502,-123.2078,80.44,35,0,3.44
274,Port-Gentil,GA,2022-10-30 23:34:42,-0.7193,8.7815,80.56,89,40,8.05
275,Marzuq,YE,2022-10-30 23:35:43,14.4,46.4667,63.48,52,50,0.36
276,Iquitos,PE,2022-10-30 23:35:09,-3.7481,-73.2472,84.24,70,20,2.3
277,Kano,NG,2022-10-30 23:35:43,12.0001,8.5167,66.09,72,21,4.61
278,Kikwit,CD,2022-10-30 23:35:44,-5.041,18.8162,67.5,98,100,1.45
279,Ulaanbaatar,MN,2022-10-30 23:35:44,47.9077,106.8832,10.53,92,40,2.24
280,Tuatapere,NZ,2022-10-30 23:35:45,-46.1333,167.6833,63.75,49,19,3.76
281,Prokudskoye,RU,2022-10-30 23:35:45,55.0089,82.4574,19.27,93,99,0.0
282,Shimanovsk,RU,2022-10-30 23:35:45,52.0,127.7,32.76,96,100,10.78
283,Novikovo,RU,2022-10-30 23:35:46,51.1537,37.8879,36.41,91,100,16.96
284,Itarema,BR,2022-10-30 23:35:46,-2.9248,-39.9167,78.71,74,4,14.67
285,Laurel,US,2022-10-30 23:35:47,39.0993,-76.8483,57.02,79,0,3.44
286,Kristiinankaupunki,FI,2022-10-30 23:35:47,62.2743,21.376,41.88,75,50,3.74
287,Adre,TD,2022-10-30 23:35:47,13.4667,22.2,77.4,26,26,15.3
288,Saldanha,ZA,2022-10-30 23:35:48,-33.0117,17.9442,57.25,68,0,26.17
289,Naryan-Mar,RU,2022-10-30 23:35:49,67.6713,53.087,33.69,95,100,13.11
290,Ixtapa,MX,2022-10-30 23:35:49,20.7,-105.2,81.63,69,20,10.36
291,Mizdah,LY,2022-10-30 23:35:49,31.4451,12.9801,59.59,86,40,5.84
292,Nemuro,JP,2022-10-30 23:35:50,43.3236,145.575,50.74,69,90,13.51
293,Awbari,LY,2022-10-30 23:35:50,26.5921,12.7805,62.96,42,5,1.95
294,Awjilah,LY,2022-10-30 23:35:51,29.1081,21.2869,63.07,67,0,9.08
295,Faanui,PF,2022-10-30 23:35:51,-16.4833,-151.75,80.11,74,28,12.77
296,Grimshaw,CA,2022-10-30 23:35:52,56.1834,-117.6027,46.02,36,75,18.41
297,Fort Abbas,PK,2022-10-30 23:35:52,29.1925,72.8536,74.86,28,0,6.44
298,Lagoa,PT,2022-10-30 23:35:52,39.05,-27.9833,61.57,55,99,10.8
299,Dingle,PH,2022-10-30 23:35:53,10.9995,122.6711,81.16,85,100,11.03
300,Eyl,SO,2022-10-30 23:35:53,7.9803,49.8164,77.0,83,38,7.25
301,Nantucket,US,2022-10-30 23:35:54,41.2835,-70.0995,54.14,93,0,5.75
302,Te Anau,NZ,2022-10-30 23:35:05,-45.4167,167.7167,62.55,54,66,2.33
303,Sitka,US,2022-10-30 23:32:12,57.0531,-135.33,46.29,57,100,23.02
304,Mahibadhoo,MV,2022-10-30 23:35:54,3.7833,72.9667,81.09,74,32,7.92
305,Gloversville,US,2022-10-30 23:35:55,43.0528,-74.3438,51.78,55,0,4.61
306,Port Lincoln,AU,2022-10-30 23:35:55,-34.7333,135.8667,53.65,78,100,14.99
307,Wilmington,US,2022-10-30 23:33:24,34.2257,-77.9447,64.9,84,22,3.38
308,Vao,NC,2022-10-30 23:35:56,-22.6667,167.4833,73.53,78,35,9.71
309,Troitsko-Pechorsk,RU,2022-10-30 23:35:56,62.7084,56.1964,28.96,96,99,7.36
310,Hamilton,US,2022-10-30 23:32:48,39.1834,-84.5333,60.4,95,100,42.01
311,Batsfjord,NO,2022-10-30 23:35:57,70.6345,29.7185,35.38,75,100,16.11
312,Mandalgovi,MN,2022-10-30 23:35:57,45.7625,106.2708,19.56,67,6,7.65
313,Gabriel Leyva Solano,MX,2022-10-30 23:35:58,25.6667,-108.6417,84.96,38,0,9.89
314,Kimbe,PG,2022-10-30 23:35:58,-5.5502,150.1429,87.64,66,27,3.62
315,Tulum,MX,2022-10-30 23:35:58,20.2167,-87.4667,76.53,79,1,4.99
316,Pokhara,NP,2022-10-30 23:35:59,28.2333,83.9833,61.41,56,1,5.68
317,Narsaq,GL,2022-10-30 23:35:59,60.9167,-46.05,21.42,72,73,7.56
318,Ponta Do Sol,PT,2022-10-30 23:36:00,32.6667,-17.1,70.72,85,81,5.82
319,Jalpan,MX,2022-10-30 23:36:00,21.2333,-99.4833,69.69,85,8,4.85
320,Bandar-E Anzali,IR,2022-10-30 23:36:00,37.4727,49.4622,53.71,86,0,1.43
321,Koulamoutou,GA,2022-10-30 23:36:01,-1.1303,12.4736,69.73,100,72,1.74
322,Elizabeth City,US,2022-10-30 23:37:02,36.2946,-76.2511,62.01,90,0,8.05
323,Clyde River,CA,2022-10-30 23:37:02,70.4692,-68.5914,8.83,85,100,6.91
324,Chardara,KZ,2022-10-30 23:37:03,41.2547,67.9692,51.19,77,76,1.72
325,Sisimiut,GL,2022-10-30 23:37:03,66.9395,-53.6735,21.04,82,59,8.03
326,Kaitangata,NZ,2022-10-30 23:37:03,-46.2817,169.8464,62.4,60,64,7.38
327,Gizo,SB,2022-10-30 23:37:04,-8.103,156.8419,83.98,73,4,4.65
328,Plouzane,FR,2022-10-30 23:37:05,48.3833,-4.6167,59.05,94,100,12.66
329,Nouadhibou,MR,2022-10-30 23:37:05,20.931,-17.0347,76.98,31,74,13.8
330,Tammisaari,FI,2022-10-30 23:37:06,59.9736,23.4339,38.89,93,15,7.18
331,Khatanga,RU,2022-10-30 23:37:07,71.9667,102.5,8.26,96,97,7.54
332,Chokurdakh,RU,2022-10-30 23:37:07,70.6333,147.9167,-16.49,100,96,3.83
333,Riyadh,SA,2022-10-30 23:37:07,24.6877,46.7219,73.54,18,44,6.96
334,Buin,CL,2022-10-30 23:37:08,-33.7333,-70.75,62.92,26,30,6.49
335,Mitsamiouli,KM,2022-10-30 23:37:08,-11.3847,43.2844,76.1,82,7,12.3
336,Yeppoon,AU,2022-10-30 23:37:09,-23.1333,150.7333,82.18,57,0,13.02
337,Dawson Creek,CA,2022-10-30 23:37:10,55.7666,-120.2362,37.04,81,0,14.97
338,Sabanagrande,CO,2022-10-30 23:37:10,10.7912,-74.7606,80.69,83,0,3.44
339,East London,ZA,2022-10-30 23:37:10,-33.0153,27.9116,62.53,74,97,17.83
340,Caravelas,BR,2022-10-30 23:37:11,-17.7125,-39.2481,76.1,84,85,10.22
341,Cayenne,GF,2022-10-30 23:37:11,4.9333,-52.3333,77.04,94,100,2.3
342,Homer,US,2022-10-30 23:36:42,59.6425,-151.5483,33.67,55,100,10.0
343,Toora-Khem,RU,2022-10-30 23:37:12,52.4675,96.11,11.95,88,21,1.41
344,Jabinyanah,TN,2022-10-30 23:37:12,35.035,10.9081,71.4,59,0,8.28
345,Sun City West,US,2022-10-30 23:37:13,33.662,-112.3413,80.08,22,0,4.61
346,Mapimi,MX,2022-10-30 23:37:13,25.8167,-103.85,70.63,28,1,6.71
347,Carutapera,BR,2022-10-30 23:37:14,-1.195,-46.02,78.91,78,61,9.46
348,Strezhevoy,RU,2022-10-30 23:37:14,60.7333,77.5889,22.78,96,88,7.27
349,Bratsk,RU,2022-10-30 23:37:15,56.1325,101.6142,19.89,83,17,3.94
350,Kodinsk,RU,2022-10-30 23:37:15,58.6881,99.1844,18.07,91,50,2.75
351,Beira,MZ,2022-10-30 23:37:16,-19.8436,34.8389,74.88,86,0,4.21
352,Mehamn,NO,2022-10-30 23:37:16,71.0357,27.8492,39.15,65,75,10.36
353,Abha,SA,2022-10-30 23:33:06,18.2164,42.5053,55.65,30,0,3.44
354,Mindelo,CV,2022-10-30 23:37:17,16.8901,-24.9804,78.35,73,75,29.93
355,Richards Bay,ZA,2022-10-30 23:37:18,-28.783,32.0377,70.16,91,100,11.18
356,Vanavara,RU,2022-10-30 23:37:18,60.34,102.2797,13.35,95,80,5.35
357,Menongue,AO,2022-10-30 23:37:20,-14.6585,17.691,62.02,91,100,2.89
358,Diapaga,BF,2022-10-30 23:37:21,12.0708,1.7889,78.87,28,0,6.13
359,Uzunovo,RU,2022-10-30 23:37:21,54.5386,38.6173,33.66,70,12,16.87
360,Nehe,CN,2022-10-30 23:37:22,48.4833,124.8333,42.53,72,72,13.58
361,Klaksvik,FO,2022-10-30 23:37:22,62.2266,-6.589,50.92,96,97,21.27
362,Coos Bay,US,2022-10-30 23:37:23,43.3665,-124.2179,61.0,71,0,8.05
363,Brodick,GB,2022-10-30 23:37:23,55.5754,-5.1472,55.11,89,20,15.86
364,Mtwara,TZ,2022-10-30 23:37:23,-10.2667,40.1833,73.58,86,35,7.2
365,Mendi,PG,2022-10-30 23:38:24,-6.1761,143.6513,72.63,51,34,3.49
366,Zhanakorgan,KZ,2022-10-30 23:38:24,43.9098,67.2495,41.25,69,26,3.69
367,Sirpur,IN,2022-10-30 23:38:25,19.4833,79.6,60.17,73,10,4.63
368,Kasangulu,CD,2022-10-30 23:38:25,-4.5911,15.1708,70.74,94,63,1.81
369,Akcakoca,TR,2022-10-30 23:38:26,41.0866,31.1162,53.44,71,5,2.15
370,Bella Vista,US,2022-10-30 23:38:26,36.4295,-94.2316,58.1,88,100,4.61
371,Malakal,SS,2022-10-30 23:38:27,9.5334,31.6605,76.17,72,81,2.59
372,Deyang,CN,2022-10-30 23:38:27,31.1302,104.382,61.97,84,100,0.98
373,Pleasant Point,NZ,2022-10-30 23:38:28,-44.2667,171.1333,63.28,72,62,5.28
374,Kerrville,US,2022-10-30 23:36:57,30.0474,-99.1403,74.55,35,0,0.0
375,College,US,2022-10-30 23:38:28,64.8569,-147.8028,13.21,79,75,0.0
376,Ouegoa,NC,2022-10-30 23:38:29,-20.35,164.4333,82.87,60,1,0.58
377,Constitucion,CL,2022-10-30 23:38:29,-35.3333,-72.4167,59.05,41,0,19.35
378,Qostanay,KZ,2022-10-30 23:38:30,53.1667,63.5833,10.69,85,0,2.24
379,Taoudenni,ML,2022-10-30 23:38:30,22.6783,-3.9836,81.72,11,100,9.28
380,Hami,CN,2022-10-30 23:38:30,42.8,93.45,40.8,26,51,2.95
381,Robe,AU,2022-10-30 23:38:31,-37.1833,139.75,52.74,82,100,16.06
382,Leningradskiy,RU,2022-10-30 23:38:31,69.3833,178.4167,8.28,87,100,13.82
383,Shakhunya,RU,2022-10-30 23:38:31,57.6758,46.6114,33.87,96,85,5.53
384,Boguchany,RU,2022-10-30 23:38:32,58.3814,97.4531,19.54,86,45,2.95
385,Saint George,US,2022-10-30 23:38:32,37.1041,-113.5841,72.43,19,0,3.44
386,Gilbues,BR,2022-10-30 23:38:33,-9.8317,-45.3439,84.49,47,96,2.01
387,Brindisi,IT,2022-10-30 23:38:33,40.5833,17.6667,64.76,89,0,8.66
388,Dano,BF,2022-10-30 23:38:34,11.15,-3.0667,77.02,36,9,3.85
389,Balkanabat,TM,2022-10-30 23:38:34,39.5108,54.3671,57.79,53,0,8.88
390,Lakhtar,IN,2022-10-30 23:38:35,22.85,71.7833,75.45,32,0,5.12
391,Rovaniemi,FI,2022-10-30 23:38:35,66.5,25.7167,29.61,86,20,6.91
392,Erenhot,CN,2022-10-30 23:38:36,43.6475,111.9767,28.45,52,3,14.99
393,Husavik,IS,2022-10-30 23:38:36,66.0449,-17.3389,40.59,96,97,8.61
394,Isangel,VU,2022-10-30 23:38:37,-19.55,169.2667,84.31,79,40,4.61
395,Bontang,ID,2022-10-30 23:38:37,0.1333,117.5,80.42,81,100,7.29
396,Floresta,BR,2022-10-30 23:38:37,-8.6011,-38.5686,83.82,46,68,22.12
397,Khani,GE,2022-10-30 23:38:38,41.9563,42.9566,36.97,65,80,3.94
398,Wahlern,CH,2022-10-30 23:38:38,46.8281,7.3532,55.2,79,99,2.3
399,Deniliquin,AU,2022-10-30 23:38:39,-35.5333,144.9667,73.11,66,29,15.64
400,Esperance,AU,2022-10-30 23:38:39,-33.8667,121.9,53.44,69,97,23.2
401,Hasaki,JP,2022-10-30 23:38:39,35.7333,140.8333,54.0,52,0,11.12
402,Kyren,RU,2022-10-30 23:38:40,51.6828,102.1408,17.71,71,30,1.63
403,Wenling,CN,2022-10-30 23:38:40,28.3669,121.36,65.37,75,91,15.68
404,Teacapan,MX,2022-10-30 23:38:40,22.55,-105.75,76.98,70,0,6.22
405,Santarem,BR,2022-10-30 23:38:41,-2.4431,-54.7083,80.73,89,0,3.44
406,Pevek,RU,2022-10-30 23:38:41,69.7008,170.3133,6.53,94,100,5.64
407,Fairbanks,US,2022-10-30 23:34:43,64.8378,-147.7164,13.23,80,75,0.0
408,Luwuk,ID,2022-10-30 23:38:42,-0.9516,122.7875,80.35,75,100,2.91
409,Buala,SB,2022-10-30 23:38:43,-8.145,159.5921,84.52,73,20,3.53
410,Beyneu,KZ,2022-10-30 23:39:43,45.3167,55.2,47.16,80,80,11.72
411,Jutai,BR,2022-10-30 23:39:44,-5.1833,-68.9,75.13,94,67,1.92
412,Irituia,BR,2022-10-30 23:39:44,-1.7711,-47.4381,79.07,75,61,5.1
413,Yuncheng,CN,2022-10-30 23:39:44,35.0231,110.9928,55.49,84,67,0.18
414,Hofn,IS,2022-10-30 23:39:45,64.2539,-15.2082,46.51,91,100,22.84
415,Novosibirsk,RU,2022-10-30 23:34:48,55.0411,82.9344,18.7,93,100,0.0
416,Igarka,RU,2022-10-30 23:39:45,67.4667,86.5833,27.05,97,100,13.13
417,Lazaro Cardenas,MX,2022-10-30 23:39:46,17.9583,-102.2,80.01,78,29,6.55
418,Yar-Sale,RU,2022-10-30 23:39:46,66.8333,70.8333,29.52,93,100,16.35
419,Wanaka,NZ,2022-10-30 23:39:47,-44.7,169.15,61.11,58,87,3.0
420,Dodola,ET,2022-10-30 23:39:47,6.9833,39.1833,47.84,83,31,2.8
421,Sokoni,TZ,2022-10-30 23:39:48,-6.4333,39.55,77.29,84,84,10.94
422,Port Shepstone,ZA,2022-10-30 23:39:48,-30.7414,30.455,67.55,69,100,17.45
423,Hambantota,LK,2022-10-30 23:39:49,6.1241,81.1185,78.64,82,98,2.73
424,Pravia,ES,2022-10-30 23:39:49,43.4906,-6.1508,58.23,100,0,0.0
425,Caramay,PH,2022-10-30 23:39:49,10.1815,119.236,81.48,81,100,7.54
426,Tucuman,AR,2022-10-30 23:39:50,-26.8241,-65.2226,66.2,20,75,13.8
427,Midsalip,PH,2022-10-30 23:39:50,8.0,123.2667,71.35,90,88,3.11
428,Waipawa,NZ,2022-10-30 23:39:28,-41.4122,175.5153,68.49,55,22,6.96
429,Tilichiki,RU,2022-10-30 23:39:51,60.4667,166.1,15.28,95,100,13.22
430,Vestmanna,FO,2022-10-30 23:39:51,62.1564,-7.1664,49.12,100,100,16.11
431,Buenavista,PH,2022-10-30 23:39:52,8.9769,125.4089,81.41,80,93,5.64
432,Novopavlovka,RU,2022-10-30 23:39:52,51.2172,109.2091,18.95,78,99,10.18
433,Meulaboh,ID,2022-10-30 23:39:52,4.1363,96.1285,74.28,95,100,4.21
434,Grindavik,IS,2022-10-30 23:39:53,63.8424,-22.4338,42.75,100,100,10.36
435,Ios,GR,2022-10-30 23:39:53,36.7333,25.2833,63.82,65,3,11.27
436,Pritomskiy,RU,2022-10-30 23:39:54,53.7724,87.6082,26.76,60,94,3.42
437,Iskateley,RU,2022-10-30 23:39:54,67.6803,53.1512,33.64,95,100,13.2
438,Progreso,MX,2022-10-30 23:39:55,21.2833,-89.6667,84.31,70,1,11.41
439,Maniitsoq,GL,2022-10-30 23:39:55,65.4167,-52.9,24.22,69,96,5.75
440,Ringebu,NO,2022-10-30 23:39:55,61.5167,10.1667,40.15,99,85,6.62
441,Dukat,RU,2022-10-30 23:39:56,62.55,155.55,-6.7,98,90,4.25
442,Santiago Del Estero,AR,2022-10-30 23:39:56,-27.7951,-64.2615,62.96,21,0,20.33
443,Coihaique,CL,2022-10-30 23:39:57,-45.5752,-72.0662,50.61,53,20,3.44
444,Toro,CO,2022-10-30 23:39:57,4.6117,-76.0814,78.08,92,47,4.05
445,Pisco,PE,2022-10-30 23:40:01,-13.7,-76.2167,64.45,77,7,10.36
446,Haines Junction,CA,2022-10-30 23:40:01,60.7522,-137.5108,22.95,74,100,9.22
447,Izumo,JP,2022-10-30 23:40:02,35.3667,132.7667,55.35,76,75,10.36
448,Hovd,MN,2022-10-30 23:40:02,48.0056,91.6419,24.76,43,99,3.0
449,Broken Hill,AU,2022-10-30 23:40:03,-31.95,141.4333,70.93,74,58,23.4
450,High Prairie,CA,2022-10-30 23:40:03,55.4334,-116.4858,43.86,40,68,15.7
451,Ankazoabo,MG,2022-10-30 23:40:04,-22.2833,44.5167,73.94,65,79,9.17
452,Nioro,GM,2022-10-30 23:40:04,13.35,-15.75,77.14,75,45,3.8
453,Lasa,IT,2022-10-30 23:40:05,46.6166,10.7002,54.48,71,95,2.19
454,Pihuamo,MX,2022-10-30 23:40:05,19.2499,-103.3828,73.0,85,7,2.98
455,Summerville,US,2022-10-30 23:41:06,33.0185,-80.1757,63.99,97,100,9.22
456,Tibati,CM,2022-10-30 23:41:06,6.4667,12.6333,66.6,66,57,2.19
457,Matagami,CA,2022-10-30 23:41:07,49.7502,-77.6328,50.11,62,0,6.91
458,Juba,SS,2022-10-30 23:41:08,4.8517,31.5825,71.31,81,81,2.04
459,Poltavka,RU,2022-10-30 23:41:08,54.3663,71.7632,15.49,96,30,2.73
460,Jalesar,IN,2022-10-30 23:41:09,27.4833,78.3167,68.99,53,0,1.66
461,Eureka,US,2022-10-30 23:37:52,40.8021,-124.1637,62.37,84,74,5.01
462,Oranjemund,NA,2022-10-30 23:41:09,-28.55,16.4333,58.21,91,69,11.21
463,Liwale,TZ,2022-10-30 23:41:10,-9.7667,37.9333,63.79,96,62,3.24
464,Rafai,CF,2022-10-30 23:41:10,4.95,23.9167,68.94,98,95,1.77
465,Zyryanovsk,KZ,2022-10-30 23:41:11,49.7386,84.2719,30.76,98,100,0.96
466,Yoichi,JP,2022-10-30 23:41:11,43.2039,140.7703,51.58,70,0,2.15
467,Ust-Kuyga,RU,2022-10-30 23:41:12,70.0167,135.6,-14.67,99,69,7.18
468,Pervoye Maya,RU,2022-10-30 23:41:12,56.164,44.7196,34.11,84,100,12.95
469,Umm Kaddadah,SD,2022-10-30 23:41:13,13.6017,26.6876,78.89,24,78,16.17
470,Manggar,ID,2022-10-30 23:41:13,-2.8833,108.2667,79.54,85,99,5.79
471,Thanh Hoa,VN,2022-10-30 23:41:13,19.8,105.7667,71.85,70,59,10.58
472,Kloulklubed,PW,2022-10-30 23:41:14,7.0419,134.2556,72.1,86,100,13.87
473,Ketchikan,US,2022-10-30 23:39:09,55.3422,-131.6461,45.07,57,40,6.91
474,Aswan,EG,2022-10-30 23:41:14,24.0934,32.907,69.1,45,0,5.75
475,Hobyo,SO,2022-10-30 23:41:15,5.3505,48.5268,78.87,72,12,7.09
476,Florianopolis,BR,2022-10-30 23:41:13,-27.6146,-48.5012,74.43,80,75,12.66
477,Bereda,ES,2022-10-30 23:41:15,43.2686,-7.5406,51.42,100,100,1.72
478,Dagana,MR,2022-10-30 23:41:16,16.5165,-15.5068,87.03,13,51,7.36
479,Saint Joseph,US,2022-10-30 23:41:16,39.7686,-94.8466,60.57,53,0,5.75
480,Qui Nhon,VN,2022-10-30 23:41:17,13.7667,109.2333,73.85,83,90,11.21
481,Inhambane,MZ,2022-10-30 23:41:17,-23.865,35.3833,74.86,86,55,8.86
482,Caidian,CN,2022-10-30 23:41:18,30.5833,114.0333,50.13,50,6,7.72
483,Mombasa,KE,2022-10-30 23:41:18,-4.0547,39.6636,75.52,90,25,4.23
484,Truth Or Consequences,US,2022-10-30 23:41:19,33.1284,-107.2528,67.91,20,0,0.0
485,Dwarka,IN,2022-10-30 23:41:20,22.2394,68.9678,79.56,69,0,9.35
486,Lichtenburg,ZA,2022-10-30 23:41:20,-26.152,26.1597,64.06,66,89,6.6
487,Trinidad,BO,2022-10-30 23:41:21,-14.8333,-64.9,84.18,74,20,6.91
488,Dakar,SN,2022-10-30 23:40:00,14.6937,-17.4441,79.68,75,73,7.38
489,Chute-Aux-Outardes,CA,2022-10-30 23:41:22,49.1168,-68.399,48.18,66,0,19.57
490,Ventspils,LV,2022-10-30 23:41:22,57.3894,21.5606,33.73,100,0,0.0
491,Labrea,BR,2022-10-30 23:41:22,-7.2586,-64.7981,78.87,81,100,0.6
492,Macklin,CA,2022-10-30 23:41:23,52.3334,-109.9348,57.54,33,58,5.95
493,Tinskoy,RU,2022-10-30 23:41:23,56.1525,96.9161,19.45,80,4,3.42
494,Balabac,PH,2022-10-30 23:41:24,7.9868,117.0645,81.3,82,100,18.05
495,Bereznik,RU,2022-10-30 23:41:24,62.8551,42.7072,37.22,91,82,7.61
496,Bom Despacho,BR,2022-10-30 23:41:25,-19.7364,-45.2522,71.74,75,84,4.38
497,Jiazi,CN,2022-10-30 23:41:25,22.8779,116.067,73.58,59,100,14.74
498,Tual,ID,2022-10-30 23:41:26,-5.6667,132.75,84.33,74,100,3.2
499,Fortuna,US,2022-10-30 23:40:00,40.5982,-124.1573,62.1,77,0,11.5
500,Curitibanos,BR,2022-10-30 23:41:26,-27.2828,-50.5844,59.74,98,100,4.94
501,Kuruman,ZA,2022-10-30 23:41:27,-27.4524,23.4325,66.99,18,77,8.37
502,Dhidhdhoo,MV,2022-10-30 23:41:27,6.8833,73.1,80.49,68,43,8.19
503,Riacho De Santana,BR,2022-10-30 23:42:27,-13.6092,-42.9389,72.5,83,97,1.72
504,Mildura,AU,2022-10-30 23:41:03,-34.2,142.15,65.07,80,6,17.47
505,Mkushi,ZM,2022-10-30 23:42:28,-13.6202,29.3939,67.75,58,46,2.28
506,Miri,MY,2022-10-30 23:42:28,4.4148,114.0089,77.14,100,40,3.44
507,Shihezi,CN,2022-10-30 23:42:29,44.3,86.0333,38.8,47,94,1.86
508,Lexington,US,2022-10-30 23:41:49,37.9887,-84.4777,61.12,88,100,8.05
509,Birao,CF,2022-10-30 23:42:29,10.2849,22.7882,78.87,35,53,4.14
510,Udachnyy,RU,2022-10-30 23:42:30,66.4167,112.4,-10.26,100,43,3.56
511,Ushtobe,KZ,2022-10-30 23:42:30,45.2514,77.9838,46.85,78,100,6.46
512,Waseca,US,2022-10-30 23:42:31,44.0777,-93.5074,56.86,60,0,0.0
513,Umkomaas,ZA,2022-10-30 23:42:31,-30.2067,30.7978,64.67,72,100,15.75
514,Bam,IR,2022-10-30 23:42:32,29.106,58.357,70.07,24,43,1.83
515,Atar,MR,2022-10-30 23:42:32,20.5169,-13.0499,79.0,14,85,6.11
516,Sabya,SA,2022-10-30 23:39:53,17.1495,42.6254,83.82,62,15,5.93
517,Iquique,CL,2022-10-30 23:38:01,-20.2208,-70.1431,62.64,71,7,2.01
518,Bayji,IQ,2022-10-30 23:42:33,34.9311,43.487,70.77,20,51,5.06
519,Ahvaz,IR,2022-10-30 23:42:33,31.3203,48.6693,76.95,31,40,2.3
520,Aklavik,CA,2022-10-30 23:42:33,68.2191,-135.0107,-1.32,94,25,8.75
521,Shubarkuduk,KZ,2022-10-30 23:42:34,49.1447,56.4872,43.18,82,100,23.17
522,Vestmannaeyjar,IS,2022-10-30 23:42:34,63.4427,-20.2734,45.27,93,100,15.84
523,Nome,US,2022-10-30 23:41:35,64.5011,-165.4064,27.16,80,75,5.75
524,Avera,US,2022-10-30 23:42:35,33.194,-82.5271,60.31,78,96,8.57
525,Charlottesville,US,2022-10-30 23:40:07,38.0293,-78.4767,59.81,68,100,3.0
526,Hualmay,PE,2022-10-30 23:42:35,-11.0964,-77.6139,62.17,84,15,9.51
527,Stoke-On-Trent,GB,2022-10-30 23:42:36,53.0042,-2.1854,53.33,74,85,5.01
528,Boende,CD,2022-10-30 23:42:36,-0.2167,20.8667,69.3,98,93,1.41
529,Sistranda,NO,2022-10-30 23:42:37,63.7256,8.834,46.36,71,71,3.15
530,Sendafa,ET,2022-10-30 23:42:37,9.15,39.0333,45.32,48,37,3.78
531,Comodoro Rivadavia,AR,2022-10-30 23:42:38,-45.8667,-67.5,53.46,35,0,4.61
532,Ust-Nera,RU,2022-10-30 23:42:38,64.5667,143.2,-8.86,98,81,2.37
533,Rabaul,PG,2022-10-30 23:42:38,-4.1967,152.1721,83.57,71,64,5.73
534,Port Keats,AU,2022-10-30 23:42:39,-14.25,129.55,87.13,61,100,7.14
535,Puerto Del Rosario,ES,2022-10-30 23:42:39,28.5004,-13.8627,71.35,73,0,1.14
536,Leh,IN,2022-10-30 23:42:40,34.1667,77.5833,29.97,47,63,2.82
537,Cuiluan,CN,2022-10-30 23:42:40,47.72,128.648,34.39,88,100,3.74
538,Ponta Delgada,PT,2022-10-30 23:42:41,37.7333,-25.6667,59.72,67,20,8.05
539,Katherine,AU,2022-10-30 23:42:41,-14.4667,132.2667,88.12,45,96,6.91
540,Bintulu,MY,2022-10-30 23:42:41,3.1667,113.0333,77.41,94,20,5.99
541,Catole Do Rocha,BR,2022-10-30 23:42:42,-6.3439,-37.7467,80.31,52,31,8.43
542,Zdunska Wola,PL,2022-10-30 23:42:42,51.5992,18.9397,54.32,84,45,3.96
543,Taicheng,CN,2022-10-30 23:42:43,38.731,113.228,38.75,30,15,4.68
544,Mecca,SA,2022-10-30 23:42:43,21.4267,39.8261,80.33,68,57,3.89
545,Paraiso,CR,2022-10-30 23:42:43,9.8383,-83.8656,66.11,97,88,1.79
546,Sosnovskoye,RU,2022-10-30 23:42:44,55.8052,43.167,32.4,80,93,11.65
547,Kilindoni,TZ,2022-10-30 23:42:44,-7.9139,39.6668,76.77,82,46,11.34
548,Praia,CV,2022-10-30 23:42:44,14.9215,-23.5087,77.54,83,20,9.22
549,Mantua,IT,2022-10-30 23:43:46,45.1667,10.7833,56.44,77,52,5.57
550,The Valley,AI,2022-10-30 23:43:46,18.217,-63.0578,82.26,89,20,6.91
551,Banepa,NP,2022-10-30 23:43:47,27.6298,85.5214,52.12,100,20,3.44
552,Asyut,EG,2022-10-30 23:43:47,27.181,31.1837,66.38,39,0,4.94
553,Carrollton,US,2022-10-30 23:41:18,32.9537,-96.8903,73.02,54,20,6.91
554,Sault Sainte Marie,CA,2022-10-30 23:41:10,46.5168,-84.3333,53.89,66,0,5.75
555,Kadhan,PK,2022-10-30 23:43:48,24.481,68.9859,76.55,54,0,7.83
556,Bone,DE,2022-10-30 23:43:48,51.9669,12.1396,55.26,73,44,5.64
557,Ust-Tsilma,RU,2022-10-30 23:43:49,65.441,52.1498,32.9,96,100,4.7
558,Nagato,JP,2022-10-30 23:43:49,34.3833,131.2,60.1,60,0,6.44
559,Baghdad,IQ,2022-10-30 23:43:45,33.3406,44.4009,76.91,25,40,5.75
560,Faya,SA,2022-10-30 23:43:50,18.3851,42.4509,55.92,34,99,4.03
561,Hunsur,IN,2022-10-30 23:43:50,12.3075,76.2878,65.05,95,64,5.5
562,Sola,VU,2022-10-30 23:43:50,-13.8833,167.55,86.67,74,20,9.22
563,Broome,US,2022-10-30 23:43:51,42.2506,-75.833,50.79,65,87,1.99
564,San Blas,MX,2022-10-30 23:43:51,21.5167,-105.2667,76.03,74,1,4.07
565,La Union,PE,2022-10-30 23:43:52,-5.4,-80.75,65.73,74,68,17.27
566,Vila Velha,BR,2022-10-30 23:43:52,-20.3297,-40.2925,78.75,87,75,16.11
567,Olafsvik,IS,2022-10-30 23:43:52,64.8945,-23.7142,39.81,90,100,8.37
568,Picota,PE,2022-10-30 23:43:53,-6.9197,-76.3304,86.49,77,61,3.13
569,Khor,RU,2022-10-30 23:43:53,47.8861,134.9464,38.01,57,95,5.08
570,San Carlos,VE,2022-10-30 23:43:53,9.6612,-68.5827,76.01,87,100,1.99
571,Tucurui,BR,2022-10-30 23:43:54,-3.7661,-49.6725,82.04,67,94,1.72
572,Buckingham,GB,2022-10-30 23:43:54,51.9997,-0.9878,54.01,93,90,1.99
573,Bubaque,GW,2022-10-30 23:43:55,11.2833,-15.8333,81.72,79,0,7.94
574,Pangnirtung,CA,2022-10-30 23:43:55,66.1451,-65.7125,15.71,84,83,6.42
575,Courtenay,CA,2022-10-30 23:43:55,49.6866,-124.9936,52.27,87,100,9.22
576,Asilah,MA,2022-10-30 23:43:56,35.465,-6.0348,67.96,65,77,5.97
577,Sidrolandia,BR,2022-10-30 23:43:56,-20.9319,-54.9614,79.83,58,48,7.02
578,Kudahuvadhoo,MV,2022-10-30 23:43:56,2.6708,72.8944,81.21,74,13,10.25
579,Sonipat,IN,2022-10-30 23:43:57,28.9833,77.0167,66.2,48,0,1.9
580,Trelew,AR,2022-10-30 23:43:57,-43.249,-65.3051,47.77,45,13,7.58
581,Skjervoy,NO,2022-10-30 23:43:58,70.0311,20.9714,33.8,75,100,21.18
582,Loandjili,CG,2022-10-30 23:43:58,-4.7561,11.8578,77.09,91,91,4.7
583,Talaya,RU,2022-10-30 23:43:58,61.3833,152.75,-9.02,99,86,1.21
584,Naze,JP,2022-10-30 23:43:59,28.3667,129.4833,72.52,80,100,24.11
